{"params": {"usd-coin": {"theta": 9999.999999998432, "mu": 1.0000400140622707, "sigma": 9.713389430376527, "type": "OU"}, "tether": {"theta": 9999.999999998416, "mu": 1.0003137330987226, "sigma": 8.246752723099776, "type": "OU"}, "paxos-standard": {"theta": 9999.999999990927, "mu": 1.0000857372937484, "sigma": 13.299240300680454, "type": "OU"}, "true-usd": {"theta": 10000.000000062017, "mu": 0.9990257220059477, "sigma": 25.466792913404305, "type": "OU"}, "weth": {"mu": 2.156993632825848, "sigma": 0.44679438874135546, "type": "GBM"}, "wrapped-steth": {"mu": 2.1839991672464345, "sigma": 0.4465770684769973, "type": "GBM"}, "staked-frax-ether": {"mu": 2.191312166850096, "sigma": 0.4632331169409089, "type": "GBM"}, "wrapped-bitcoin": {"mu": 2.716018689689962, "sigma": 0.4296191319361327, "type": "GBM"}, "tbtc": {"mu": 2.664007765235034, "sigma": 0.4532692566900212, "type": "GBM"}}, "cov": {"usd-coin": {"usd-coin": 0.007794752201188447, "tether": 0.0034811633644634293, "paxos-standard": 0.0046148179861102475, "true-usd": 0.007463700208271006, "weth": -0.0006136506040060917, "wrapped-steth": -0.0031505597127598215, "staked-frax-ether": 0.0016006500043346786, "wrapped-bitcoin": 0.0034914905269067837, "tbtc": 0.0034675808125248985}, "tether": {"usd-coin": 0.0034811633644634293, "tether": 0.005097952766437986, "paxos-standard": 0.004025505655571441, "true-usd": 0.007242487273459756, "weth": -0.000834412168591009, "wrapped-steth": -0.0018477139342797384, "staked-frax-ether": 0.0022931523592849543, "wrapped-bitcoin": 0.003414252308430597, "tbtc": 0.002971021872156988}, "paxos-standard": {"usd-coin": 0.0046148179861102475, "tether": 0.004025505655571441, "paxos-standard": 0.01360534199732434, "true-usd": 0.011082362453130986, "weth": 0.002881354961141053, "wrapped-steth": -0.00031635503344698123, "staked-frax-ether": 0.006459470062065928, "wrapped-bitcoin": 0.009185494212875591, "tbtc": 0.007677242703440351}, "true-usd": {"usd-coin": 0.007463700208271006, "tether": 0.007242487273459756, "paxos-standard": 0.011082362453130986, "true-usd": 0.047914539138371716, "weth": 0.009448119321472548, "wrapped-steth": -0.0020426787379065796, "staked-frax-ether": 0.02589248343613935, "wrapped-bitcoin": 0.03160499107028389, "tbtc": 0.029089309264675935}, "weth": {"usd-coin": -0.0006136506040060917, "tether": -0.000834412168591009, "paxos-standard": 0.002881354961141053, "true-usd": 0.009448119321472548, "weth": 0.19962522581076148, "wrapped-steth": 0.18055634200264245, "staked-frax-ether": 0.17926176972352237, "wrapped-bitcoin": 0.12804752971617125, "tbtc": 0.13840528514642814}, "wrapped-steth": {"usd-coin": -0.0031505597127598215, "tether": -0.0018477139342797384, "paxos-standard": -0.00031635503344698123, "true-usd": -0.0020426787379065796, "weth": 0.18055634200264245, "wrapped-steth": 0.19943107808950877, "staked-frax-ether": 0.17057402160491425, "wrapped-bitcoin": 0.10662551097915988, "tbtc": 0.11951141982222117}, "staked-frax-ether": {"usd-coin": 0.0016006500043346786, "tether": 0.0022931523592849543, "paxos-standard": 0.006459470062065928, "true-usd": 0.02589248343613935, "weth": 0.17926176972352237, "wrapped-steth": 0.17057402160491425, "staked-frax-ether": 0.21458492063078985, "wrapped-bitcoin": 0.13827268431704692, "tbtc": 0.14794075457955272}, "wrapped-bitcoin": {"usd-coin": 0.0034914905269067837, "tether": 0.003414252308430597, "paxos-standard": 0.009185494212875591, "true-usd": 0.03160499107028389, "weth": 0.12804752971617125, "wrapped-steth": 0.10662551097915988, "staked-frax-ether": 0.13827268431704692, "wrapped-bitcoin": 0.18457259852555624, "tbtc": 0.17305832287758716}, "tbtc": {"usd-coin": 0.0034675808125248985, "tether": 0.002971021872156988, "paxos-standard": 0.007677242703440351, "true-usd": 0.029089309264675935, "weth": 0.13840528514642814, "wrapped-steth": 0.11951141982222117, "staked-frax-ether": 0.14794075457955272, "wrapped-bitcoin": 0.17305832287758716, "tbtc": 0.20545301906032423}}, "freq": "1h", "start": 1697311936, "end": 1702492336}