{"params": {"usd-coin": {"theta": 10000.000059723272, "mu": 1.0001269858485633, "sigma": 5.766632502784751, "type": "OU"}, "tether": {"theta": 10000.000372371946, "mu": 1.0004590988370345, "sigma": 3.594526037469155, "type": "OU"}, "paxos-standard": {"theta": 9999.99999994489, "mu": 0.9996589177065686, "sigma": 19.14512601298933, "type": "OU"}, "true-usd": {"theta": 9999.999999969194, "mu": 0.9998698316876986, "sigma": 6.405928499953325, "type": "OU"}, "weth": {"mu": 0.6423102335327644, "sigma": 0.4641243150111802, "type": "GBM"}, "wrapped-steth": {"mu": 0.6984720544335538, "sigma": 0.46601856382789875, "type": "GBM"}, "staked-frax-ether": {"mu": 0.6993375215269173, "sigma": 0.48294903690166996, "type": "GBM"}, "wrapped-bitcoin": {"mu": 0.9376012601695142, "sigma": 0.4322378443373233, "type": "GBM"}, "tbtc": {"mu": 0.9423745026427748, "sigma": 0.6160635670419413, "type": "GBM"}}, "cov": {"usd-coin": {"usd-coin": 0.002269565084758368, "tether": 0.00036032245324180823, "paxos-standard": 0.0008376971261890288, "true-usd": 0.0008257120516655644, "weth": 0.0015165528541986567, "wrapped-steth": 0.0017486323104197988, "staked-frax-ether": 0.0014243885599846305, "wrapped-bitcoin": 0.0021155800895450473, "tbtc": -2.504786054731754e-05}, "tether": {"usd-coin": 0.00036032245324180823, "tether": 0.00047568118864040195, "paxos-standard": 0.00029972671908735015, "true-usd": 0.00037072481096821387, "weth": 6.394512975619263e-05, "wrapped-steth": 8.853977295083263e-05, "staked-frax-ether": -0.00029398674134409206, "wrapped-bitcoin": 7.034326979196988e-05, "tbtc": -0.0001758529784185463}, "paxos-standard": {"usd-coin": 0.0008376971261890288, "tether": 0.00029972671908735015, "paxos-standard": 0.0024546747922658497, "true-usd": 0.0006086934780837174, "weth": -0.0004508206836559072, "wrapped-steth": -0.00047130445375218684, "staked-frax-ether": 0.003494518191839439, "wrapped-bitcoin": -0.00011984870868522958, "tbtc": -0.001905906291834685}, "true-usd": {"usd-coin": 0.0008257120516655644, "tether": 0.00037072481096821387, "paxos-standard": 0.0006086934780837174, "true-usd": 0.0013393344835084702, "weth": 0.0019748002184777915, "wrapped-steth": 0.0019865715940857397, "staked-frax-ether": 0.0018655162057037654, "wrapped-bitcoin": 0.002245018714183891, "tbtc": 0.0007957706944536521}, "weth": {"usd-coin": 0.0015165528541986567, "tether": 6.394512975619263e-05, "paxos-standard": -0.0004508206836559072, "true-usd": 0.0019748002184777915, "weth": 0.21541137978459735, "wrapped-steth": 0.21591389344092474, "staked-frax-ether": 0.1726365134644283, "wrapped-bitcoin": 0.16733424193793311, "tbtc": 0.14768826922355094}, "wrapped-steth": {"usd-coin": 0.0017486323104197988, "tether": 8.853977295083263e-05, "paxos-standard": -0.00047130445375218684, "true-usd": 0.0019865715940857397, "weth": 0.21591389344092474, "wrapped-steth": 0.21717330183221734, "staked-frax-ether": 0.17301969061327538, "wrapped-bitcoin": 0.16755996862433956, "tbtc": 0.14727638975964602}, "staked-frax-ether": {"usd-coin": 0.0014243885599846305, "tether": -0.00029398674134409206, "paxos-standard": 0.003494518191839439, "true-usd": 0.0018655162057037654, "weth": 0.1726365134644283, "wrapped-steth": 0.17301969061327538, "staked-frax-ether": 0.2332397722442506, "wrapped-bitcoin": 0.1439990093824125, "tbtc": 0.12728069203397085}, "wrapped-bitcoin": {"usd-coin": 0.0021155800895450473, "tether": 7.034326979196988e-05, "paxos-standard": -0.00011984870868522958, "true-usd": 0.002245018714183891, "weth": 0.16733424193793311, "wrapped-steth": 0.16755996862433956, "staked-frax-ether": 0.1439990093824125, "wrapped-bitcoin": 0.18682955407737617, "tbtc": 0.1623813292155297}, "tbtc": {"usd-coin": -2.504786054731754e-05, "tether": -0.0001758529784185463, "paxos-standard": -0.001905906291834685, "true-usd": 0.0007957706944536521, "weth": 0.14768826922355094, "wrapped-steth": 0.14727638975964602, "staked-frax-ether": 0.12728069203397085, "wrapped-bitcoin": 0.1623813292155297, "tbtc": 0.3795343186364405}}, "freq": "1d", "start": 1672531200, "end": 1704067200}