{"params": {"usd-coin": {"theta": 10000.000000059583, "mu": 1.0000375992768609, "sigma": 0.3185739837053588, "type": "OU"}, "tether": {"theta": 9999.999999998414, "mu": 1.0002537101131048, "sigma": 2.125499273574892, "type": "OU"}, "paxos-standard": {"theta": 9999.999999998443, "mu": 1.0001230698324612, "sigma": 2.124960268172294, "type": "OU"}, "true-usd": {"theta": 10000.000012000686, "mu": 0.9991055809220436, "sigma": 2.542266703197577, "type": "OU"}, "weth": {"mu": 1.5726968650784838, "sigma": 0.3808037786331722, "type": "GBM"}, "wrapped-steth": {"mu": 1.6090950652969296, "sigma": 0.38150821899014753, "type": "GBM"}, "staked-frax-ether": {"mu": 1.6126746483965093, "sigma": 0.3794245439204729, "type": "GBM"}, "wrapped-bitcoin": {"mu": 2.0899099801097556, "sigma": 0.3559920122845397, "type": "GBM"}, "tbtc": {"mu": 2.081140299827672, "sigma": 0.3528239988648629, "type": "GBM"}}, "cov": {"usd-coin": {"usd-coin": 1.2343380137031902e-05, "tether": 1.243353695236191e-06, "paxos-standard": 7.481754054925339e-06, "true-usd": -7.619415264215738e-08, "weth": -6.248168097559171e-05, "wrapped-steth": -5.829287106710663e-05, "staked-frax-ether": -5.025886789196984e-05, "wrapped-bitcoin": -4.219247802380042e-05, "tbtc": -4.6006955220996695e-05}, "tether": {"usd-coin": 1.243353695236191e-06, "tether": 2.5003131697883997e-05, "paxos-standard": 7.296940054282846e-06, "true-usd": 4.4145735207236845e-05, "weth": 0.0003062737669476469, "wrapped-steth": 0.00030588164310827755, "staked-frax-ether": 0.00030703355723222197, "wrapped-bitcoin": 0.0003444803425945089, "tbtc": 0.00034214230304577796}, "paxos-standard": {"usd-coin": 7.481754054925339e-06, "tether": 7.296940054282846e-06, "paxos-standard": 4.734479437685208e-05, "true-usd": 1.0083494730349611e-05, "weth": 0.0001624890347432189, "wrapped-steth": 0.0001629259060416448, "staked-frax-ether": 0.00018008185671220637, "wrapped-bitcoin": 6.678294547810274e-05, "tbtc": 4.606879150118936e-05}, "true-usd": {"usd-coin": -7.619415264215738e-08, "tether": 4.4145735207236845e-05, "paxos-standard": 1.0083494730349611e-05, "true-usd": 0.0002684252718744297, "weth": -0.00036776813241700654, "wrapped-steth": -0.000398878743477462, "staked-frax-ether": -0.0003880595588169441, "wrapped-bitcoin": -0.0002637920130484811, "tbtc": -0.00024993369183936204}, "weth": {"usd-coin": -6.248168097559171e-05, "tether": 0.0003062737669476469, "paxos-standard": 0.0001624890347432189, "true-usd": -0.00036776813241700654, "weth": 0.14501151782130198, "wrapped-steth": 0.14521636479585112, "staked-frax-ether": 0.14428959908052968, "wrapped-bitcoin": 0.10126552333364494, "tbtc": 0.1001058316717534}, "wrapped-steth": {"usd-coin": -5.829287106710663e-05, "tether": 0.00030588164310827755, "paxos-standard": 0.0001629259060416448, "true-usd": -0.000398878743477462, "weth": 0.14521636479585112, "wrapped-steth": 0.14554852115703446, "staked-frax-ether": 0.14456572858778782, "wrapped-bitcoin": 0.10132955034096713, "tbtc": 0.10013143342863079}, "staked-frax-ether": {"usd-coin": -5.025886789196984e-05, "tether": 0.00030703355723222197, "paxos-standard": 0.00018008185671220637, "true-usd": -0.0003880595588169441, "weth": 0.14428959908052968, "wrapped-steth": 0.14456572858778782, "staked-frax-ether": 0.1439629845292589, "wrapped-bitcoin": 0.10115829359144878, "tbtc": 0.10004585248714343}, "wrapped-bitcoin": {"usd-coin": -4.219247802380042e-05, "tether": 0.0003444803425945089, "paxos-standard": 6.678294547810274e-05, "true-usd": -0.0002637920130484811, "weth": 0.10126552333364494, "wrapped-steth": 0.10132955034096713, "staked-frax-ether": 0.10115829359144878, "wrapped-bitcoin": 0.12673031281039587, "tbtc": 0.12538561506089854}, "tbtc": {"usd-coin": -4.6006955220996695e-05, "tether": 0.00034214230304577796, "paxos-standard": 4.606879150118936e-05, "true-usd": -0.00024993369183936204, "weth": 0.1001058316717534, "wrapped-steth": 0.10013143342863079, "staked-frax-ether": 0.10004585248714343, "wrapped-bitcoin": 0.12538561506089854, "tbtc": 0.12448477417499276}}, "freq": "1d", "start": 1697068800, "end": 1704585600}