{
    "0x4dece678ceceb27446b35c672dc7d61f30bad69e": {
        "mean_vector": [
            13301725.774722604,
            22063704.151237566
        ],
        "covariance_matrix": [
            [
                10444039839852.707,
                -5343676995232.574
            ],
            [
                -5343676995232.574,
                15676536217749.545
            ]
        ]
    },
    "0x390f3595bca2df7d23783dfd126427cceb997bf4": {
        "mean_vector": [
            12270429.929307098,
            21005844.782402404
        ],
        "covariance_matrix": [
            [
                13307829192532.402,
                -1488878431113.9937
            ],
            [
                -1488878431113.9937,
                12190509648961.377
            ]
        ]
    },
    "0x34d655069f4cac1547e4c8ca284ffff5ad4a8db0": {
        "mean_vector": [
            3366878.6913696276,
            3426015.4241633415
        ],
        "covariance_matrix": [
            [
                3290548249887.2573,
                1454808246855.219
            ],
            [
                1454808246855.219,
                1355928295052.5437
            ]
        ]
    },
    "0xca978a0528116dda3cba9acd3e68bc6191ca53d0": {
        "mean_vector": [
            1742667.0215639863,
            2705393.8762533944
        ],
        "covariance_matrix": [
            [
                159751659439.31552,
                -110777988195.62952
            ],
            [
                -110777988195.62952,
                209304692955.21835
            ]
        ]
    },
    "target_ratio": 2.362817493702465,
    "stressed_ratio": 3.0187937036908545
}