{"params": {"usd-coin": {"theta": 9999.999999998608, "mu": 1.0000386754410473, "sigma": 30.042550621965802, "type": "OU"}, "tether": {"theta": 9999.999999993353, "mu": 1.0002479637789345, "sigma": 26.51167587797605, "type": "OU"}, "paxos-standard": {"theta": 9999.99999999746, "mu": 1.0001191408861818, "sigma": 41.97172778797492, "type": "OU"}, "true-usd": {"theta": 9999.999999988697, "mu": 0.9991050301360086, "sigma": 74.20094319172695, "type": "OU"}, "weth": {"mu": 1.5021334242248627, "sigma": 0.4608969087621498, "type": "GBM"}, "wrapped-steth": {"mu": 1.532841752752096, "sigma": 0.44901716125446334, "type": "GBM"}, "staked-frax-ether": {"mu": 1.5334806867182404, "sigma": 0.46987522628474854, "type": "GBM"}, "wrapped-bitcoin": {"mu": 2.0628159790749625, "sigma": 0.4256508517608542, "type": "GBM"}, "tbtc": {"mu": 2.048619216286369, "sigma": 0.44988578631685716, "type": "GBM"}}, "cov": {"usd-coin": {"usd-coin": 0.008158334677448418, "tether": 0.0038918829169966936, "paxos-standard": 0.005292023952275175, "true-usd": 0.007929618175197157, "weth": -0.0008757552729032055, "wrapped-steth": -0.0026315185655754374, "staked-frax-ether": 0.002635486332585553, "wrapped-bitcoin": 0.004442418714990238, "tbtc": 0.004615000921054171}, "tether": {"usd-coin": 0.0038918829169966936, "tether": 0.006261420913374224, "paxos-standard": 0.005165286906114339, "true-usd": 0.008424995140762403, "weth": -0.001049780820295512, "wrapped-steth": -0.0022347924525988323, "staked-frax-ether": 0.003768715567472969, "wrapped-bitcoin": 0.004280903275967471, "tbtc": 0.0040991591042015725}, "paxos-standard": {"usd-coin": 0.005292023952275175, "tether": 0.005165286906114339, "paxos-standard": 0.01583402447118173, "true-usd": 0.013673404325254554, "weth": 0.0031021874065755147, "wrapped-steth": -0.00040590384072138204, "staked-frax-ether": 0.00873878827808977, "wrapped-bitcoin": 0.009904304535061803, "tbtc": 0.009294975892447543}, "true-usd": {"usd-coin": 0.007929618175197157, "tether": 0.008424995140762403, "paxos-standard": 0.013673404325254554, "true-usd": 0.049056656646494605, "weth": 0.006859274270250686, "wrapped-steth": -0.00445935678107853, "staked-frax-ether": 0.024227756508466657, "wrapped-bitcoin": 0.028847395690468954, "tbtc": 0.027859237411660232}, "weth": {"usd-coin": -0.0008757552729032055, "tether": -0.001049780820295512, "paxos-standard": 0.0031021874065755147, "true-usd": 0.006859274270250686, "weth": 0.21242596050650545, "wrapped-steth": 0.17037132745629535, "staked-frax-ether": 0.1668691002930446, "wrapped-bitcoin": 0.11611806376612795, "tbtc": 0.1223360767965105}, "wrapped-steth": {"usd-coin": -0.0026315185655754374, "tether": -0.0022347924525988323, "paxos-standard": -0.00040590384072138204, "true-usd": -0.00445935678107853, "weth": 0.17037132745629535, "wrapped-steth": 0.2016164111010166, "staked-frax-ether": 0.17465057317187513, "wrapped-bitcoin": 0.11225085328736036, "tbtc": 0.1226651202537548}, "staked-frax-ether": {"usd-coin": 0.002635486332585553, "tether": 0.003768715567472969, "paxos-standard": 0.00873878827808977, "true-usd": 0.024227756508466657, "weth": 0.1668691002930446, "wrapped-steth": 0.17465057317187513, "staked-frax-ether": 0.22078272827614362, "wrapped-bitcoin": 0.14356270100787089, "tbtc": 0.15205658266864497}, "wrapped-bitcoin": {"usd-coin": 0.004442418714990238, "tether": 0.004280903275967471, "paxos-standard": 0.009904304535061803, "true-usd": 0.028847395690468954, "weth": 0.11611806376612795, "wrapped-steth": 0.11225085328736036, "staked-frax-ether": 0.14356270100787089, "wrapped-bitcoin": 0.18117864760474037, "tbtc": 0.17156636661637548}, "tbtc": {"usd-coin": 0.004615000921054171, "tether": 0.0040991591042015725, "paxos-standard": 0.009294975892447543, "true-usd": 0.027859237411660232, "weth": 0.1223360767965105, "wrapped-steth": 0.1226651202537548, "staked-frax-ether": 0.15205658266864497, "wrapped-bitcoin": 0.17156636661637548, "tbtc": 0.20239722072993668}}, "freq": "5min", "start": 1697068800, "end": 1704585600}