{"params": {"usd-coin": {"theta": 10000.000008753252, "mu": 1.000002485446291, "sigma": 8.668888265957717, "type": "OU"}, "tether": {"theta": 10000.000001881257, "mu": 1.0001810117142722, "sigma": 7.363825032741087, "type": "OU"}, "paxos-standard": {"theta": 10000.000001387105, "mu": 0.9997880693403102, "sigma": 12.690098425447882, "type": "OU"}, "true-usd": {"theta": 10000.000020755431, "mu": 0.9992211019709109, "sigma": 21.66421584966947, "type": "OU"}, "weth": {"mu": 1.3334912535630496, "sigma": 0.39707330993447176, "type": "GBM"}, "wrapped-bitcoin": {"mu": 2.0870551836919895, "sigma": 0.39135791458265007, "type": "GBM"}}, "cov": {"usd-coin": {"usd-coin": 0.006095183525745374, "tether": 0.0022793242477408843, "paxos-standard": 0.0035664921329866166, "true-usd": 0.005171535744668092, "weth": 0.0015597379501894157, "wrapped-bitcoin": 0.004058516105310062}, "tether": {"usd-coin": 0.0022793242477408843, "tether": 0.0036628066536167512, "paxos-standard": 0.002608650144119677, "true-usd": 0.004891092551532895, "weth": 0.0005943813743490332, "wrapped-bitcoin": 0.002907456583022619}, "paxos-standard": {"usd-coin": 0.0035664921329866166, "tether": 0.002608650144119677, "paxos-standard": 0.010953157866842596, "true-usd": 0.0072904188842182385, "weth": 0.0036148399486091946, "wrapped-bitcoin": 0.0072022739637473965}, "true-usd": {"usd-coin": 0.005171535744668092, "tether": 0.004891092551532895, "paxos-standard": 0.0072904188842182385, "true-usd": 0.03515740644873939, "weth": 0.01000808481374229, "wrapped-bitcoin": 0.025895801433790257}, "weth": {"usd-coin": 0.0015597379501894157, "tether": 0.0005943813743490332, "paxos-standard": 0.0036148399486091946, "true-usd": 0.01000808481374229, "weth": 0.15766721346231702, "wrapped-bitcoin": 0.1094372290123251}, "wrapped-bitcoin": {"usd-coin": 0.004058516105310062, "tether": 0.002907456583022619, "paxos-standard": 0.0072022739637473965, "true-usd": 0.025895801433790257, "weth": 0.1094372290123251, "wrapped-bitcoin": 0.15316101730648077}}, "freq": "1h", "start": 1694894242, "end": 1700078242}