{"params": {"usd-coin": {"theta": 9999.999999998101, "mu": 1.0000130320008231, "sigma": 10.454488781689989, "type": "OU"}, "tether": {"theta": 10000.000000004973, "mu": 1.0003019205746766, "sigma": 7.801656357099762, "type": "OU"}, "paxos-standard": {"theta": 10000.00000089711, "mu": 0.9999396798494514, "sigma": 12.856549673999208, "type": "OU"}, "true-usd": {"theta": 9999.999999986374, "mu": 0.9992176180392655, "sigma": 23.743701538071218, "type": "OU"}, "weth": {"mu": 1.1945511841113468, "sigma": 0.4250516368826365, "type": "GBM"}, "wrapped-steth": {"mu": 1.2238154042480907, "sigma": 0.4195160286115952, "type": "GBM"}, "staked-frax-ether": {"mu": 1.2387036001883531, "sigma": 0.44409560762375133, "type": "GBM"}, "wrapped-bitcoin": {"mu": 2.0548636611249833, "sigma": 0.40771307646399657, "type": "GBM"}, "tbtc": {"mu": 2.051144460544049, "sigma": 0.4237345962742341, "type": "GBM"}}, "cov": {"usd-coin": {"usd-coin": 0.0071557032380050725, "tether": 0.0029329182136878947, "paxos-standard": 0.00433306326879796, "true-usd": 0.006627012684687966, "weth": 0.0010806525842378218, "wrapped-steth": -0.0010708576780402003, "staked-frax-ether": 0.0030669402933858735, "wrapped-bitcoin": 0.004931144167364975, "tbtc": 0.004548034266307601}, "tether": {"usd-coin": 0.0029329182136878947, "tether": 0.004495088950190309, "paxos-standard": 0.003636655151563102, "true-usd": 0.006222590841419332, "weth": 0.00024807962226463756, "wrapped-steth": -0.00042095309986879884, "staked-frax-ether": 0.003354527922617928, "wrapped-bitcoin": 0.003893121172261733, "tbtc": 0.003377278647559099}, "paxos-standard": {"usd-coin": 0.00433306326879796, "tether": 0.003636655151563102, "paxos-standard": 0.011962352181829113, "true-usd": 0.009420224870047653, "weth": 0.003542113044744012, "wrapped-steth": 0.0003255163380085754, "staked-frax-ether": 0.0067488881329235435, "wrapped-bitcoin": 0.008702444559116645, "tbtc": 0.0073623246632677514}, "true-usd": {"usd-coin": 0.006627012684687966, "tether": 0.006222590841419332, "paxos-standard": 0.009420224870047653, "true-usd": 0.042364547533976345, "weth": 0.0106076417825098, "wrapped-steth": -5.53278443229542e-06, "staked-frax-ether": 0.02575471292670551, "wrapped-bitcoin": 0.02986952484281983, "tbtc": 0.026789641980098127}, "weth": {"usd-coin": 0.0010806525842378218, "tether": 0.00024807962226463756, "paxos-standard": 0.003542113044744012, "true-usd": 0.0106076417825098, "weth": 0.18066889401660857, "wrapped-steth": 0.15860604487887245, "staked-frax-ether": 0.16593956901940227, "wrapped-bitcoin": 0.12059586867361746, "tbtc": 0.12698359330343711}, "wrapped-steth": {"usd-coin": -0.0010708576780402003, "tether": -0.00042095309986879884, "paxos-standard": 0.0003255163380085754, "true-usd": -5.53278443229542e-06, "weth": 0.15860604487887245, "wrapped-steth": 0.17599369826204472, "staked-frax-ether": 0.15372731913027415, "wrapped-bitcoin": 0.09669552258790495, "tbtc": 0.10616378099229465}, "staked-frax-ether": {"usd-coin": 0.0030669402933858735, "tether": 0.003354527922617928, "paxos-standard": 0.0067488881329235435, "true-usd": 0.02575471292670551, "weth": 0.16593956901940227, "wrapped-steth": 0.15372731913027415, "staked-frax-ether": 0.19722090871070888, "wrapped-bitcoin": 0.12937609824422042, "tbtc": 0.13538887284111928}, "wrapped-bitcoin": {"usd-coin": 0.004931144167364975, "tether": 0.003893121172261733, "paxos-standard": 0.008702444559116645, "true-usd": 0.02986952484281983, "weth": 0.12059586867361746, "wrapped-steth": 0.09669552258790495, "staked-frax-ether": 0.12937609824422042, "wrapped-bitcoin": 0.1662299527197367, "tbtc": 0.15284556173559}, "tbtc": {"usd-coin": 0.004548034266307601, "tether": 0.003377278647559099, "paxos-standard": 0.0073623246632677514, "true-usd": 0.026789641980098127, "weth": 0.12698359330343711, "wrapped-steth": 0.10616378099229465, "staked-frax-ether": 0.13538887284111928, "wrapped-bitcoin": 0.15284556173559, "tbtc": 0.17955100807968824}}, "freq": "1h", "start": 1696108632, "end": 1701289032}